elapsed_s,rss_kb,pss_kb,uss_kb
1,130348,107121,104116
2,130668,107442,104436
3,130704,107478,104476
4,131016,107790,104784
5,131052,107826,104820
6,131492,108266,105260
7,131528,108302,105296
8,132180,108954,105948
9,132216,108990,105984
10,132252,109026,106020
11,132292,109066,106060
12,132328,109102,106096
13,133264,110038,107032
14,133300,110074,107068
15,133336,110114,107108
16,133376,110150,107144
17,133412,110186,107180
18,133448,110222,107216
19,134836,111610,108604
20,134868,111642,108636
21,134904,111678,108676
22,134944,111718,108712
23,135012,111786,108780
24,120104,109020,107352
25,135124,111898,108892
26,135124,111898,108892
27,135124,111898,108892
28,135124,111898,108892
29,137144,113918,110912
30,137144,113918,110912
31,137144,113918,110912
32,137144,113918,110912
33,137144,113918,110912
34,137144,113918,110912
35,137144,113918,110912
36,137176,113950,110944
37,137176,113950,110944
38,137176,113950,110944
39,137176,113950,110944
40,137176,113950,110944
41,137176,113950,110944
42,137196,113970,110964
43,134640,111414,108408
44,134648,111422,108416
45,134656,111430,108424
46,135160,111934,108928
47,135160,111934,108928
48,135184,111958,108952
49,135224,111995,108992
50,135244,112015,109012
51,135244,112101,109012
52,135244,112101,109012
53,135244,112101,109012
54,135244,112101,109012
55,135244,112101,109012
56,135244,112101,109012
57,135244,112101,109012
58,135244,112101,109012
59,135244,112101,109012
60,135244,112101,109012
